title,company,link,tags
Senior Fullstack Software Engineer,Blotato,https://remoteok.io/remote-jobs/remote-senior-fullstack-software-engineer-blotato-1093150,
Typescript Engineer,wander.com,https://remoteok.io/remote-jobs/remote-typescript-engineer-wander-com-1093244,
Go web dev and infra devops,SaasEdge,https://remoteok.io/remote-jobs/remote-go-web-dev-and-infra-devops-saasedge-1093359,devops
Lead Data Engineer,Open Architects,https://remoteok.io/remote-jobs/remote-lead-data-engineer-open-architects-1093295,
Javascript Fullstack Engineer Senior,Lumenalta,https://remoteok.io/remote-jobs/remote-javascript-fullstack-engineer-senior-lumenalta-1092919,javascript
Software Engineer,ControlShift,https://remoteok.io/remote-jobs/remote-software-engineer-controlshift-1093322,
Tech Cofounder CTO,Founders Factory,https://remoteok.io/remote-jobs/remote-tech-cofounder-cto-founders-factory-1093267,
Senior Backend Engineer,HockeyStack,https://remoteok.io/remote-jobs/remote-senior-backend-engineer-hockeystack-1093257,
Senior React Native SDK Engineer,Nami ML,https://remoteok.io/remote-jobs/remote-senior-react-native-sdk-engineer-nami-ml-1093276,react
Senior Full Stack Engineer,Elevate,https://remoteok.io/remote-jobs/remote-senior-full-stack-engineer-elevate-1093263,
Senior Full stack Developer,Lemon.io,https://remoteok.io/remote-jobs/remote-senior-full-stack-developer-lemon-io-1093252,
Senior Account Lead,Sanctuary Computer,https://remoteok.io/remote-jobs/remote-senior-account-lead-sanctuary-computer-1093250,
Spanish Speaking Software Support Engineer,Payara,https://remoteok.io/remote-jobs/remote-spanish-speaking-software-support-engineer-payara-1093246,
Senior full stack engineer,Ideal Protein,https://remoteok.io/remote-jobs/remote-senior-full-stack-engineer-ideal-protein-1083524,
Senior Full Stack Developer,Zammad,https://remoteok.io/remote-jobs/remote-senior-full-stack-developer-zammad-1093045,
Senior Software Engineer,Contra,https://remoteok.io/remote-jobs/remote-senior-software-engineer-contra-1093221,
Senior Full Stack developer,Ringbook,https://remoteok.io/remote-jobs/remote-senior-full-stack-developer-ringbook-1093206,
Administrative Executive,Prime Design & Build,https://remoteok.io/remote-jobs/remote-administrative-executive-prime-design-build-1092987,
Senior Software Engineer,Emergent Software,https://remoteok.io/remote-jobs/remote-senior-software-engineer-emergent-software-1092940,
Full Stack Developer,Incyte Studios,https://remoteok.io/remote-jobs/remote-full-stack-developer-incyte-studios-1086821,
Senior Back-End Python Engineer,"New
Senior Back-End Python Engineer
		    Active Prime",https://www.python.org/jobs/7913/,python
Software Developer – Infrastructure and Systems Support (Ref. TEC-IT-25-8),"New
Software Developer – Infrastructure and Systems Support (Ref. TEC-IT-25-8)
		    European Gravitational Observatory (EGO)",https://www.python.org/jobs/7880/,
CNO Python Software Engineer,"New
CNO Python Software Engineer
		    ManTech",https://www.python.org/jobs/7879/,python
Senior Software Engineer,"New
Senior Software Engineer
		    Simons Foundation",https://www.python.org/jobs/7878/,
Senior Full-Stack Product Engineer,"New
Senior Full-Stack Product Engineer
		    SOUS",https://www.python.org/jobs/7877/,
LLM - Python for Computer Vision,"New
LLM - Python for Computer Vision
		    Thisan Mikal",https://www.python.org/jobs/7876/,python
Senior Python Developer,"New
Senior Python Developer
		    Foxley Talent",https://www.python.org/jobs/7875/,python
Principal Backend Engineer,"New
Principal Backend Engineer
		    AutoHDR",https://www.python.org/jobs/7874/,
Senior Backend Engineer - Python,"New
Senior Backend Engineer - Python
		    Supertab",https://www.python.org/jobs/7873/,python
Senior Python Automation Engineer (AI/Cloud/LLM/DevOps),"New
Senior Python Automation Engineer (AI/Cloud/LLM/DevOps)
		    *Confidential*",https://www.python.org/jobs/7871/,"python, devops"
CTO (Python Expert & Technical Leader) – Equity/Stock Options Available,"New
CTO (Python Expert & Technical Leader) – Equity/Stock Options Available
		    Domainsbot",https://www.python.org/jobs/7870/,python
VP of Engineering,"New
VP of Engineering
		    Permutable AI",https://www.python.org/jobs/7869/,
Associate Principal Graph Data Scientist,"New
Associate Principal Graph Data Scientist
		    AstraZeneca",https://www.python.org/jobs/7868/,
Associate Principal AI Data Scientist,"New
Associate Principal AI Data Scientist
		    AstraZeneca",https://www.python.org/jobs/7867/,
Sr. Software Developer (Healthcare),"New
Sr. Software Developer (Healthcare)
		    Prenosis",https://www.python.org/jobs/7866/,
Lead Python Backend Engineer,"New
Lead Python Backend Engineer
		    Reef Technologies",https://www.python.org/jobs/7864/,python
Senior Python Backend Engineer,"New
Senior Python Backend Engineer
		    Reef Technologies",https://www.python.org/jobs/7863/,python
Senior Phython Engineer,"New
Senior Phython Engineer
		    IOMICS Corporation",https://www.python.org/jobs/7862/,
Senior Backend Engineer,"New
Senior Backend Engineer
		    Wasmer",https://www.python.org/jobs/7861/,
Research Engineer,"Research Engineer
		    GEM (GlobalQuakeModel)",https://www.python.org/jobs/7854/,
Senior Software Engineer (LATAM),"Senior Software Engineer (LATAM)
		    NetMakers",https://www.python.org/jobs/7848/,
Core Tech AI Engineer at CodeFlash.ai,"Core Tech AI Engineer at CodeFlash.ai
		    CodeFlash.ai",https://www.python.org/jobs/7844/,
Python Software Engineer (Docker required),"Python Software Engineer (Docker required)
		    Mercor",https://www.python.org/jobs/7843/,python
Senior Python Engineer,"Senior Python Engineer
		    Prompt Therapy Solutions",https://www.python.org/jobs/7841/,python
Senior Full Stack Web Developer (Python/Django + CMS),"Senior Full Stack Web Developer (Python/Django + CMS)
		    VanNoppen Marketing",https://www.python.org/jobs/7840/,"python, django"
